IndicatorCode,Indicator,ValueType,ParentLocationCode,ParentLocation,Location type,SpatialDimValueCode,Location,Period type,Period,IsLatestYear,Dim1 type,Dim1,Dim1ValueCode,Dim2 type,Dim2,Dim2ValueCode,Dim3 type,Dim3,Dim3ValueCode,DataSourceDimValueCode,DataSource,FactValueNumericPrefix,FactValueNumeric,FactValueUoM,FactValueNumericLowPrefix,FactValueNumericLow,FactValueNumericHighPrefix,FactValueNumericHigh,Value,FactValueTranslationID,FactComments,Language,DateModified
NCD_GLUC_04,Raised fasting blood glucose (>=7.0 mmol/L) (age-standardized estimate),numeric,AFR,Africa,Country,GAB,Gabon,Year,2014,true,Sex,Both sexes,SEX_BTSX,Age Group,18+  years,AGEGROUP_YEARS18-PLUS,,,,,,,10,,,5.7,,16.2,10.0 [5.7-16.2],,,EN,2017-11-17T08:00:00.000Z
NCD_GLUC_04,Raised fasting blood glucose (>=7.0 mmol/L) (age-standardized estimate),numeric,AMR,Americas,Country,DOM,Dominican Republic,Year,2014,true,Sex,Both sexes,SEX_BTSX,Age Group,18+  years,AGEGROUP_YEARS18-PLUS,,,,,,,10.1,,,6.3,,15,10.1 [6.3-15.0],,,EN,2017-11-17T08:00:00.000Z
NCD_GLUC_04,Raised fasting blood glucose (>=7.0 mmol/L) (age-standardized estimate),numeric,EUR,Europe,Country,TJK,Tajikistan,Year,2014,true,Sex,Both sexes,SEX_BTSX,Age Group,18+  years,AGEGROUP_YEARS18-PLUS,,,,,,,10.1,,,6.4,,14.7,10.1 [6.4-14.7],,,EN,2017-11-17T08:00:00.000Z
NCD_GLUC_04,Raised fasting blood glucose (>=7.0 mmol/L) (age-standardized estimate),numeric,AMR,Americas,Country,SLV,El Salvador,Year,2014,true,Sex,Both sexes,SEX_BTSX,Age Group,18+  years,AGEGROUP_YEARS18-PLUS,,,,,,,10.1,,,6.5,,14.5,10.1 [6.5-14.5],,,EN,2017-11-17T08:00:00.000Z
NCD_GLUC_04,Raised fasting blood glucose (>=7.0 mmol/L) (age-standardized estimate),numeric,AMR,Americas,Country,NIC,Nicaragua,Year,2014,true,Sex,Both sexes,SEX_BTSX,Age Group,18+  years,AGEGROUP_YEARS18-PLUS,,,,,,,10.1,,,6.5,,14.7,10.1 [6.5-14.7],,,EN,2017-11-17T08:00:00.000Z
NCD_GLUC_04,Raised fasting blood glucose (>=7.0 mmol/L) (age-standardized estimate),numeric,EUR,Europe,Country,KGZ,Kyrgyzstan,Year,2014,true,Sex,Both sexes,SEX_BTSX,Age Group,18+  years,AGEGROUP_YEARS18-PLUS,,,,,,,10.4,,,6.8,,14.7,10.4 [6.8-14.7],,,EN,2017-11-17T08:00:00.000Z
NCD_GLUC_04,Raised fasting blood glucose (>=7.0 mmol/L) (age-standardized estimate),numeric,AFR,Africa,Country,SYC,Seychelles,Year,2014,true,Sex,Both sexes,SEX_BTSX,Age Group,18+  years,AGEGROUP_YEARS18-PLUS,,,,,,,10.4,,,6.9,,14.9,10.4 [6.9-14.9],,,EN,2017-11-17T08:00:00.000Z
NCD_GLUC_04,Raised fasting blood glucose (>=7.0 mmol/L) (age-standardized estimate),numeric,AMR,Americas,Country,CHL,Chile,Year,2014,true,Sex,Both sexes,SEX_BTSX,Age Group,18+  years,AGEGROUP_YEARS18-PLUS,,,,,,,10.5,,,7,,14.8,10.5 [7.0-14.8],,,EN,2017-11-17T08:00:00.000Z
NCD_GLUC_04,Raised fasting blood glucose (>=7.0 mmol/L) (age-standardized estimate),numeric,AMR,Americas,Country,VCT,Saint Vincent and the Grenadines,Year,2014,true,Sex,Both sexes,SEX_BTSX,Age Group,18+  years,AGEGROUP_YEARS18-PLUS,,,,,,,10.6,,,6.6,,15.8,10.6 [6.6-15.8],,,EN,2017-11-17T08:00:00.000Z
NCD_GLUC_04,Raised fasting blood glucose (>=7.0 mmol/L) (age-standardized estimate),numeric,EUR,Europe,Country,UZB,Uzbekistan,Year,2014,true,Sex,Both sexes,SEX_BTSX,Age Group,18+  years,AGEGROUP_YEARS18-PLUS,,,,,,,10.6,,,7,,15.1,10.6 [7.0-15.1],,,EN,2017-11-17T08:00:00.000Z
NCD_GLUC_04,Raised fasting blood glucose (>=7.0 mmol/L) (age-standardized estimate),numeric,SEAR,South-East Asia,Country,NPL,Nepal,Year,2014,true,Sex,Both sexes,SEX_BTSX,Age Group,18+  years,AGEGROUP_YEARS18-PLUS,,,,,,,10.6,,,7.3,,14.4,10.6 [7.3-14.4],,,EN,2017-11-17T08:00:00.000Z
NCD_GLUC_04,Raised fasting blood glucose (>=7.0 mmol/L) (age-standardized estimate),numeric,SEAR,South-East Asia,Country,MDV,Maldives,Year,2014,true,Sex,Both sexes,SEX_BTSX,Age Group,18+  years,AGEGROUP_YEARS18-PLUS,,,,,,,10.9,,,6.7,,16.3,10.9 [6.7-16.3],,,EN,2017-11-17T08:00:00.000Z
NCD_GLUC_04,Raised fasting blood glucose (>=7.0 mmol/L) (age-standardized estimate),numeric,AMR,Americas,Country,GUY,Guyana,Year,2014,true,Sex,Both sexes,SEX_BTSX,Age Group,18+  years,AGEGROUP_YEARS18-PLUS,,,,,,,10.9,,,6.8,,16.5,10.9 [6.8-16.5],,,EN,2017-11-17T08:00:00.000Z
NCD_GLUC_04,Raised fasting blood glucose (>=7.0 mmol/L) (age-standardized estimate),numeric,AMR,Americas,Country,GRD,Grenada,Year,2014,true,Sex,Both sexes,SEX_BTSX,Age Group,18+  years,AGEGROUP_YEARS18-PLUS,,,,,,,11.1,,,6.7,,16.6,11.1 [6.7-16.6],,,EN,2017-11-17T08:00:00.000Z
NCD_GLUC_04,Raised fasting blood glucose (>=7.0 mmol/L) (age-standardized estimate),numeric,AMR,Americas,Country,DMA,Dominica,Year,2014,true,Sex,Both sexes,SEX_BTSX,Age Group,18+  years,AGEGROUP_YEARS18-PLUS,,,,,,,11.1,,,7.1,,16.4,11.1 [7.1-16.4],,,EN,2017-11-17T08:00:00.000Z
NCD_GLUC_04,Raised fasting blood glucose (>=7.0 mmol/L) (age-standardized estimate),numeric,WPR,Western Pacific,Country,MYS,Malaysia,Year,2014,true,Sex,Both sexes,SEX_BTSX,Age Group,18+  years,AGEGROUP_YEARS18-PLUS,,,,,,,11.1,,,7.6,,15.3,11.1 [7.6-15.3],,,EN,2017-11-17T08:00:00.000Z
NCD_GLUC_04,Raised fasting blood glucose (>=7.0 mmol/L) (age-standardized estimate),numeric,AMR,Americas,Country,MEX,Mexico,Year,2014,true,Sex,Both sexes,SEX_BTSX,Age Group,18+  years,AGEGROUP_YEARS18-PLUS,,,,,,,11.2,,,7.6,,15.9,11.2 [7.6-15.9],,,EN,2017-11-17T08:00:00.000Z
NCD_GLUC_04,Raised fasting blood glucose (>=7.0 mmol/L) (age-standardized estimate),numeric,AFR,Africa,Country,ZAF,South Africa,Year,2014,true,Sex,Both sexes,SEX_BTSX,Age Group,18+  years,AGEGROUP_YEARS18-PLUS,,,,,,,11.3,,,7.2,,16.4,11.3 [7.2-16.4],,,EN,2017-11-17T08:00:00.000Z
NCD_GLUC_04,Raised fasting blood glucose (>=7.0 mmol/L) (age-standardized estimate),numeric,EMR,Eastern Mediterranean,Country,YEM,Yemen,Year,2014,true,Sex,Both sexes,SEX_BTSX,Age Group,18+  years,AGEGROUP_YEARS18-PLUS,,,,,,,11.3,,,7.4,,16.3,11.3 [7.4-16.3],,,EN,2017-11-17T08:00:00.000Z
NCD_GLUC_04,Raised fasting blood glucose (>=7.0 mmol/L) (age-standardized estimate),numeric,AMR,Americas,Country,ATG,Antigua and Barbuda,Year,2014,true,Sex,Both sexes,SEX_BTSX,Age Group,18+  years,AGEGROUP_YEARS18-PLUS,,,,,,,11.5,,,7,,17.5,11.5 [7.0-17.5],,,EN,2017-11-17T08:00:00.000Z
NCD_GLUC_04,Raised fasting blood glucose (>=7.0 mmol/L) (age-standardized estimate),numeric,EUR,Europe,Country,ARM,Armenia,Year,2014,true,Sex,Both sexes,SEX_BTSX,Age Group,18+  years,AGEGROUP_YEARS18-PLUS,,,,,,,11.5,,,7.5,,16.3,11.5 [7.5-16.3],,,EN,2017-11-17T08:00:00.000Z
NCD_GLUC_04,Raised fasting blood glucose (>=7.0 mmol/L) (age-standardized estimate),numeric,EMR,Eastern Mediterranean,Country,BHR,Bahrain,Year,2014,true,Sex,Both sexes,SEX_BTSX,Age Group,18+  years,AGEGROUP_YEARS18-PLUS,,,,,,,11.5,,,7.8,,16.1,11.5 [7.8-16.1],,,EN,2017-11-17T08:00:00.000Z
NCD_GLUC_04,Raised fasting blood glucose (>=7.0 mmol/L) (age-standardized estimate),numeric,AMR,Americas,Country,TTO,Trinidad and Tobago,Year,2014,true,Sex,Both sexes,SEX_BTSX,Age Group,18+  years,AGEGROUP_YEARS18-PLUS,,,,,,,11.7,,,7,,18,11.7 [7.0-18.0],,,EN,2017-11-17T08:00:00.000Z
NCD_GLUC_04,Raised fasting blood glucose (>=7.0 mmol/L) (age-standardized estimate),numeric,WPR,Western Pacific,Country,MNG,Mongolia,Year,2014,true,Sex,Both sexes,SEX_BTSX,Age Group,18+  years,AGEGROUP_YEARS18-PLUS,,,,,,,11.7,,,8,,16.3,11.7 [8.0-16.3],,,EN,2017-11-17T08:00:00.000Z
NCD_GLUC_04,Raised fasting blood glucose (>=7.0 mmol/L) (age-standardized estimate),numeric,EUR,Europe,Country,KAZ,Kazakhstan,Year,2014,true,Sex,Both sexes,SEX_BTSX,Age Group,18+  years,AGEGROUP_YEARS18-PLUS,,,,,,,11.8,,,7.6,,16.9,11.8 [7.6-16.9],,,EN,2017-11-17T08:00:00.000Z
NCD_GLUC_04,Raised fasting blood glucose (>=7.0 mmol/L) (age-standardized estimate),numeric,SEAR,South-East Asia,Country,BTN,Bhutan,Year,2014,true,Sex,Both sexes,SEX_BTSX,Age Group,18+  years,AGEGROUP_YEARS18-PLUS,,,,,,,11.8,,,8.1,,16,11.8 [8.1-16.0],,,EN,2017-11-17T08:00:00.000Z
NCD_GLUC_04,Raised fasting blood glucose (>=7.0 mmol/L) (age-standardized estimate),numeric,AMR,Americas,Country,JAM,Jamaica,Year,2014,true,Sex,Both sexes,SEX_BTSX,Age Group,18+  years,AGEGROUP_YEARS18-PLUS,,,,,,,11.9,,,7.8,,17.5,11.9 [7.8-17.5],,,EN,2017-11-17T08:00:00.000Z
NCD_GLUC_04,Raised fasting blood glucose (>=7.0 mmol/L) (age-standardized estimate),numeric,EMR,Eastern Mediterranean,Country,AFG,Afghanistan,Year,2014,true,Sex,Both sexes,SEX_BTSX,Age Group,18+  years,AGEGROUP_YEARS18-PLUS,,,,,,,11.9,,,8.1,,16.5,11.9 [8.1-16.5],,,EN,2017-11-17T08:00:00.000Z
NCD_GLUC_04,Raised fasting blood glucose (>=7.0 mmol/L) (age-standardized estimate),numeric,EMR,Eastern Mediterranean,Country,IRN,Iran (Islamic Republic of),Year,2014,true,Sex,Both sexes,SEX_BTSX,Age Group,18+  years,AGEGROUP_YEARS18-PLUS,,,,,,,12.1,,,9,,16.1,12.1 [9.0-16.1],,,EN,2017-11-17T08:00:00.000Z
NCD_GLUC_04,Raised fasting blood glucose (>=7.0 mmol/L) (age-standardized estimate),numeric,AMR,Americas,Country,BRB,Barbados,Year,2014,true,Sex,Both sexes,SEX_BTSX,Age Group,18+  years,AGEGROUP_YEARS18-PLUS,,,,,,,12.2,,,7.7,,17.8,12.2 [7.7-17.8],,,EN,2017-11-17T08:00:00.000Z
NCD_GLUC_04,Raised fasting blood glucose (>=7.0 mmol/L) (age-standardized estimate),numeric,EUR,Europe,Country,TKM,Turkmenistan,Year,2014,true,Sex,Both sexes,SEX_BTSX,Age Group,18+  years,AGEGROUP_YEARS18-PLUS,,,,,,,12.2,,,8.4,,16.8,12.2 [8.4-16.8],,,EN,2017-11-17T08:00:00.000Z
NCD_GLUC_04,Raised fasting blood glucose (>=7.0 mmol/L) (age-standardized estimate),numeric,AMR,Americas,Country,SUR,Suriname,Year,2014,true,Sex,Both sexes,SEX_BTSX,Age Group,18+  years,AGEGROUP_YEARS18-PLUS,,,,,,,12.3,,,8.1,,17.8,12.3 [8.1-17.8],,,EN,2017-11-17T08:00:00.000Z
NCD_GLUC_04,Raised fasting blood glucose (>=7.0 mmol/L) (age-standardized estimate),numeric,EUR,Europe,Country,AZE,Azerbaijan,Year,2014,true,Sex,Both sexes,SEX_BTSX,Age Group,18+  years,AGEGROUP_YEARS18-PLUS,,,,,,,12.3,,,8.2,,17.3,12.3 [8.2-17.3],,,EN,2017-11-17T08:00:00.000Z
NCD_GLUC_04,Raised fasting blood glucose (>=7.0 mmol/L) (age-standardized estimate),numeric,EMR,Eastern Mediterranean,Country,PAK,Pakistan,Year,2014,true,Sex,Both sexes,SEX_BTSX,Age Group,18+  years,AGEGROUP_YEARS18-PLUS,,,,,,,12.4,,,8.3,,17,12.4 [8.3-17.0],,,EN,2017-11-17T08:00:00.000Z
NCD_GLUC_04,Raised fasting blood glucose (>=7.0 mmol/L) (age-standardized estimate),numeric,AFR,Africa,Country,DZA,Algeria,Year,2014,true,Sex,Both sexes,SEX_BTSX,Age Group,18+  years,AGEGROUP_YEARS18-PLUS,,,,,,,12.4,,,8.9,,16.9,12.4 [8.9-16.9],,,EN,2017-11-17T08:00:00.000Z
NCD_GLUC_04,Raised fasting blood glucose (>=7.0 mmol/L) (age-standardized estimate),numeric,AMR,Americas,Country,BHS,Bahamas,Year,2014,true,Sex,Both sexes,SEX_BTSX,Age Group,18+  years,AGEGROUP_YEARS18-PLUS,,,,,,,12.5,,,7.9,,18.4,12.5 [7.9-18.4],,,EN,2017-11-17T08:00:00.000Z
NCD_GLUC_04,Raised fasting blood glucose (>=7.0 mmol/L) (age-standardized estimate),numeric,EMR,Eastern Mediterranean,Country,TUN,Tunisia,Year,2014,true,Sex,Both sexes,SEX_BTSX,Age Group,18+  years,AGEGROUP_YEARS18-PLUS,,,,,,,12.5,,,9,,16.7,12.5 [9.0-16.7],,,EN,2017-11-17T08:00:00.000Z
NCD_GLUC_04,Raised fasting blood glucose (>=7.0 mmol/L) (age-standardized estimate),numeric,EUR,Europe,Country,GEO,Georgia,Year,2014,true,Sex,Both sexes,SEX_BTSX,Age Group,18+  years,AGEGROUP_YEARS18-PLUS,,,,,,,12.6,,,8.5,,17.6,12.6 [8.5-17.6],,,EN,2017-11-17T08:00:00.000Z
NCD_GLUC_04,Raised fasting blood glucose (>=7.0 mmol/L) (age-standardized estimate),numeric,AMR,Americas,Country,BLZ,Belize,Year,2014,true,Sex,Both sexes,SEX_BTSX,Age Group,18+  years,AGEGROUP_YEARS18-PLUS,,,,,,,12.7,,,8.1,,18.5,12.7 [8.1-18.5],,,EN,2017-11-17T08:00:00.000Z
NCD_GLUC_04,Raised fasting blood glucose (>=7.0 mmol/L) (age-standardized estimate),numeric,AFR,Africa,Country,MUS,Mauritius,Year,2014,true,Sex,Both sexes,SEX_BTSX,Age Group,18+  years,AGEGROUP_YEARS18-PLUS,,,,,,,13,,,8.8,,17.9,13.0 [8.8-17.9],,,EN,2017-11-17T08:00:00.000Z
NCD_GLUC_04,Raised fasting blood glucose (>=7.0 mmol/L) (age-standardized estimate),numeric,EMR,Eastern Mediterranean,Country,LBN,Lebanon,Year,2014,true,Sex,Both sexes,SEX_BTSX,Age Group,18+  years,AGEGROUP_YEARS18-PLUS,,,,,,,13.4,,,9.5,,18.1,13.4 [9.5-18.1],,,EN,2017-11-17T08:00:00.000Z
NCD_GLUC_04,Raised fasting blood glucose (>=7.0 mmol/L) (age-standardized estimate),numeric,EMR,Eastern Mediterranean,Country,OMN,Oman,Year,2014,true,Sex,Both sexes,SEX_BTSX,Age Group,18+  years,AGEGROUP_YEARS18-PLUS,,,,,,,13.5,,,9.6,,18.4,13.5 [9.6-18.4],,,EN,2017-11-17T08:00:00.000Z
NCD_GLUC_04,Raised fasting blood glucose (>=7.0 mmol/L) (age-standardized estimate),numeric,EUR,Europe,Country,TUR,TÃ¼rkiye,Year,2014,true,Sex,Both sexes,SEX_BTSX,Age Group,18+  years,AGEGROUP_YEARS18-PLUS,,,,,,,13.6,,,10.5,,17.4,13.6 [10.5-17.4],,,EN,2017-11-17T08:00:00.000Z
NCD_GLUC_04,Raised fasting blood glucose (>=7.0 mmol/L) (age-standardized estimate),numeric,EMR,Eastern Mediterranean,Country,MAR,Morocco,Year,2014,true,Sex,Both sexes,SEX_BTSX,Age Group,18+  years,AGEGROUP_YEARS18-PLUS,,,,,,,13.7,,,9.7,,18.8,13.7 [9.7-18.8],,,EN,2017-11-17T08:00:00.000Z
NCD_GLUC_04,Raised fasting blood glucose (>=7.0 mmol/L) (age-standardized estimate),numeric,WPR,Western Pacific,Country,SLB,Solomon Islands,Year,2014,true,Sex,Both sexes,SEX_BTSX,Age Group,18+  years,AGEGROUP_YEARS18-PLUS,,,,,,,13.9,,,8.8,,20.5,13.9 [8.8-20.5],,,EN,2017-11-17T08:00:00.000Z
NCD_GLUC_04,Raised fasting blood glucose (>=7.0 mmol/L) (age-standardized estimate),numeric,AMR,Americas,Country,LCA,Saint Lucia,Year,2014,true,Sex,Both sexes,SEX_BTSX,Age Group,18+  years,AGEGROUP_YEARS18-PLUS,,,,,,,14.5,,,8.7,,21.7,14.5 [8.7-21.7],,,EN,2017-11-17T08:00:00.000Z
NCD_GLUC_04,Raised fasting blood glucose (>=7.0 mmol/L) (age-standardized estimate),numeric,AMR,Americas,Country,KNA,Saint Kitts and Nevis,Year,2014,true,Sex,Both sexes,SEX_BTSX,Age Group,18+  years,AGEGROUP_YEARS18-PLUS,,,,,,,14.5,,,9.2,,21.1,14.5 [9.2-21.1],,,EN,2017-11-17T08:00:00.000Z
NCD_GLUC_04,Raised fasting blood glucose (>=7.0 mmol/L) (age-standardized estimate),numeric,EMR,Eastern Mediterranean,Country,SYR,Syrian Arab Republic,Year,2014,true,Sex,Both sexes,SEX_BTSX,Age Group,18+  years,AGEGROUP_YEARS18-PLUS,,,,,,,14.6,,,10.7,,19.5,14.6 [10.7-19.5],,,EN,2017-11-17T08:00:00.000Z
NCD_GLUC_04,Raised fasting blood glucose (>=7.0 mmol/L) (age-standardized estimate),numeric,WPR,Western Pacific,Country,PNG,Papua New Guinea,Year,2014,true,Sex,Both sexes,SEX_BTSX,Age Group,18+  years,AGEGROUP_YEARS18-PLUS,,,,,,,14.8,,,9.2,,21.8,14.8 [9.2-21.8],,,EN,2017-11-17T08:00:00.000Z
NCD_GLUC_04,Raised fasting blood glucose (>=7.0 mmol/L) (age-standardized estimate),numeric,EMR,Eastern Mediterranean,Country,ARE,United Arab Emirates,Year,2014,true,Sex,Both sexes,SEX_BTSX,Age Group,18+  years,AGEGROUP_YEARS18-PLUS,,,,,,,15.1,,,10.8,,20.6,15.1 [10.8-20.6],,,EN,2017-11-17T08:00:00.000Z
NCD_GLUC_04,Raised fasting blood glucose (>=7.0 mmol/L) (age-standardized estimate),numeric,WPR,Western Pacific,Country,VUT,Vanuatu,Year,2014,true,Sex,Both sexes,SEX_BTSX,Age Group,18+  years,AGEGROUP_YEARS18-PLUS,,,,,,,15.9,,,10.4,,22.9,15.9 [10.4-22.9],,,EN,2017-11-17T08:00:00.000Z
NCD_GLUC_04,Raised fasting blood glucose (>=7.0 mmol/L) (age-standardized estimate),numeric,EMR,Eastern Mediterranean,Country,LBY,Libya,Year,2014,true,Sex,Both sexes,SEX_BTSX,Age Group,18+  years,AGEGROUP_YEARS18-PLUS,,,,,,,15.9,,,11.7,,20.9,15.9 [11.7-20.9],,,EN,2017-11-17T08:00:00.000Z
NCD_GLUC_04,Raised fasting blood glucose (>=7.0 mmol/L) (age-standardized estimate),numeric,EMR,Eastern Mediterranean,Country,JOR,Jordan,Year,2014,true,Sex,Both sexes,SEX_BTSX,Age Group,18+  years,AGEGROUP_YEARS18-PLUS,,,,,,,16.8,,,12.4,,21.9,16.8 [12.4-21.9],,,EN,2017-11-17T08:00:00.000Z
NCD_GLUC_04,Raised fasting blood glucose (>=7.0 mmol/L) (age-standardized estimate),numeric,WPR,Western Pacific,Country,FJI,Fiji,Year,2014,true,Sex,Both sexes,SEX_BTSX,Age Group,18+  years,AGEGROUP_YEARS18-PLUS,,,,,,,17.4,,,11.5,,24.3,17.4 [11.5-24.3],,,EN,2017-11-17T08:00:00.000Z
NCD_GLUC_04,Raised fasting blood glucose (>=7.0 mmol/L) (age-standardized estimate),numeric,EMR,Eastern Mediterranean,Country,IRQ,Iraq,Year,2014,true,Sex,Both sexes,SEX_BTSX,Age Group,18+  years,AGEGROUP_YEARS18-PLUS,,,,,,,17.4,,,12.5,,23,17.4 [12.5-23.0],,,EN,2017-11-17T08:00:00.000Z
NCD_GLUC_04,Raised fasting blood glucose (>=7.0 mmol/L) (age-standardized estimate),numeric,EMR,Eastern Mediterranean,Country,SAU,Saudi Arabia,Year,2014,true,Sex,Both sexes,SEX_BTSX,Age Group,18+  years,AGEGROUP_YEARS18-PLUS,,,,,,,17.4,,,12.9,,22.9,17.4 [12.9-22.9],,,EN,2017-11-17T08:00:00.000Z
NCD_GLUC_04,Raised fasting blood glucose (>=7.0 mmol/L) (age-standardized estimate),numeric,EMR,Eastern Mediterranean,Country,EGY,Egypt,Year,2014,true,Sex,Both sexes,SEX_BTSX,Age Group,18+  years,AGEGROUP_YEARS18-PLUS,,,,,,,17.9,,,13.2,,23.3,17.9 [13.2-23.3],,,EN,2017-11-17T08:00:00.000Z
NCD_GLUC_04,Raised fasting blood glucose (>=7.0 mmol/L) (age-standardized estimate),numeric,EMR,Eastern Mediterranean,Country,QAT,Qatar,Year,2014,true,Sex,Both sexes,SEX_BTSX,Age Group,18+  years,AGEGROUP_YEARS18-PLUS,,,,,,,18.9,,,13.5,,25.4,18.9 [13.5-25.4],,,EN,2017-11-17T08:00:00.000Z
NCD_GLUC_04,Raised fasting blood glucose (>=7.0 mmol/L) (age-standardized estimate),numeric,EMR,Eastern Mediterranean,Country,KWT,Kuwait,Year,2014,true,Sex,Both sexes,SEX_BTSX,Age Group,18+  years,AGEGROUP_YEARS18-PLUS,,,,,,,19.6,,,14.5,,25.6,19.6 [14.5-25.6],,,EN,2017-11-17T08:00:00.000Z
NCD_GLUC_04,Raised fasting blood glucose (>=7.0 mmol/L) (age-standardized estimate),numeric,WPR,Western Pacific,Country,MHL,Marshall Islands,Year,2014,true,Sex,Both sexes,SEX_BTSX,Age Group,18+  years,AGEGROUP_YEARS18-PLUS,,,,,,,21.1,,,14.6,,28.6,21.1 [14.6-28.6],,,EN,2017-11-17T08:00:00.000Z
NCD_GLUC_04,Raised fasting blood glucose (>=7.0 mmol/L) (age-standardized estimate),numeric,WPR,Western Pacific,Country,FSM,Micronesia (Federated States of),Year,2014,true,Sex,Both sexes,SEX_BTSX,Age Group,18+  years,AGEGROUP_YEARS18-PLUS,,,,,,,22,,,15.7,,29.2,22.0 [15.7-29.2],,,EN,2017-11-17T08:00:00.000Z
NCD_GLUC_04,Raised fasting blood glucose (>=7.0 mmol/L) (age-standardized estimate),numeric,WPR,Western Pacific,Country,KIR,Kiribati,Year,2014,true,Sex,Both sexes,SEX_BTSX,Age Group,18+  years,AGEGROUP_YEARS18-PLUS,,,,,,,22.3,,,15.5,,30.1,22.3 [15.5-30.1],,,EN,2017-11-17T08:00:00.000Z
NCD_GLUC_04,Raised fasting blood glucose (>=7.0 mmol/L) (age-standardized estimate),numeric,WPR,Western Pacific,Country,PLW,Palau,Year,2014,true,Sex,Both sexes,SEX_BTSX,Age Group,18+  years,AGEGROUP_YEARS18-PLUS,,,,,,,23.2,,,16.6,,30.8,23.2 [16.6-30.8],,,EN,2017-11-17T08:00:00.000Z
NCD_GLUC_04,Raised fasting blood glucose (>=7.0 mmol/L) (age-standardized estimate),numeric,WPR,Western Pacific,Country,TUV,Tuvalu,Year,2014,true,Sex,Both sexes,SEX_BTSX,Age Group,18+  years,AGEGROUP_YEARS18-PLUS,,,,,,,23.8,,,17.1,,31.2,23.8 [17.1-31.2],,,EN,2017-11-17T08:00:00.000Z
NCD_GLUC_04,Raised fasting blood glucose (>=7.0 mmol/L) (age-standardized estimate),numeric,WPR,Western Pacific,Country,TON,Tonga,Year,2014,true,Sex,Both sexes,SEX_BTSX,Age Group,18+  years,AGEGROUP_YEARS18-PLUS,,,,,,,24.2,,,17.2,,32,24.2 [17.2-32.0],,,EN,2017-11-17T08:00:00.000Z
NCD_GLUC_04,Raised fasting blood glucose (>=7.0 mmol/L) (age-standardized estimate),numeric,WPR,Western Pacific,Country,WSM,Samoa,Year,2014,true,Sex,Both sexes,SEX_BTSX,Age Group,18+  years,AGEGROUP_YEARS18-PLUS,,,,,,,24.6,,,17.1,,32.6,24.6 [17.1-32.6],,,EN,2017-11-17T08:00:00.000Z
NCD_GLUC_04,Raised fasting blood glucose (>=7.0 mmol/L) (age-standardized estimate),numeric,WPR,Western Pacific,Country,NIU,Niue,Year,2014,true,Sex,Both sexes,SEX_BTSX,Age Group,18+  years,AGEGROUP_YEARS18-PLUS,,,,,,,27.1,,,19.8,,34.8,27.1 [19.8-34.8],,,EN,2017-11-17T08:00:00.000Z
NCD_GLUC_04,Raised fasting blood glucose (>=7.0 mmol/L) (age-standardized estimate),numeric,WPR,Western Pacific,Country,COK,Cook Islands,Year,2014,true,Sex,Both sexes,SEX_BTSX,Age Group,18+  years,AGEGROUP_YEARS18-PLUS,,,,,,,27.5,,,19.8,,35.6,27.5 [19.8-35.6],,,EN,2017-11-17T08:00:00.000Z
NCD_GLUC_04,Raised fasting blood glucose (>=7.0 mmol/L) (age-standardized estimate),numeric,WPR,Western Pacific,Country,NRU,Nauru,Year,2014,true,Sex,Both sexes,SEX_BTSX,Age Group,18+  years,AGEGROUP_YEARS18-PLUS,,,,,,,29.2,,,20.7,,38.5,29.2 [20.7-38.5],,,EN,2017-11-17T08:00:00.000Z
NCD_GLUC_04,Raised fasting blood glucose (>=7.0 mmol/L) (age-standardized estimate),numeric,EUR,Europe,Country,CHE,Switzerland,Year,2014,true,Sex,Both sexes,SEX_BTSX,Age Group,18+  years,AGEGROUP_YEARS18-PLUS,,,,,,,4,,,2.5,,6.1,4.0 [2.5-6.1],,,EN,2017-11-17T08:00:00.000Z
NCD_GLUC_04,Raised fasting blood glucose (>=7.0 mmol/L) (age-standardized estimate),numeric,AFR,Africa,Country,BDI,Burundi,Year,2014,true,Sex,Both sexes,SEX_BTSX,Age Group,18+  years,AGEGROUP_YEARS18-PLUS,,,,,,,4.2,,,2.4,,6.7,4.2 [2.4-6.7],,,EN,2017-11-17T08:00:00.000Z
NCD_GLUC_04,Raised fasting blood glucose (>=7.0 mmol/L) (age-standardized estimate),numeric,EUR,Europe,Country,AUT,Austria,Year,2014,true,Sex,Both sexes,SEX_BTSX,Age Group,18+  years,AGEGROUP_YEARS18-PLUS,,,,,,,4.3,,,2.7,,6.4,4.3 [2.7-6.4],,,EN,2017-11-17T08:00:00.000Z
NCD_GLUC_04,Raised fasting blood glucose (>=7.0 mmol/L) (age-standardized estimate),numeric,EUR,Europe,Country,DNK,Denmark,Year,2014,true,Sex,Both sexes,SEX_BTSX,Age Group,18+  years,AGEGROUP_YEARS18-PLUS,,,,,,,4.3,,,2.7,,6.4,4.3 [2.7-6.4],,,EN,2017-11-17T08:00:00.000Z
NCD_GLUC_04,Raised fasting blood glucose (>=7.0 mmol/L) (age-standardized estimate),numeric,EUR,Europe,Country,NLD,Netherlands (Kingdom of the),Year,2014,true,Sex,Both sexes,SEX_BTSX,Age Group,18+  years,AGEGROUP_YEARS18-PLUS,,,,,,,4.3,,,2.9,,6.2,4.3 [2.9-6.2],,,EN,2017-11-17T08:00:00.000Z
NCD_GLUC_04,Raised fasting blood glucose (>=7.0 mmol/L) (age-standardized estimate),numeric,AFR,Africa,Country,RWA,Rwanda,Year,2014,true,Sex,Both sexes,SEX_BTSX,Age Group,18+  years,AGEGROUP_YEARS18-PLUS,,,,,,,4.4,,,2.6,,6.9,4.4 [2.6-6.9],,,EN,2017-11-17T08:00:00.000Z
NCD_GLUC_04,Raised fasting blood glucose (>=7.0 mmol/L) (age-standardized estimate),numeric,AFR,Africa,Country,UGA,Uganda,Year,2014,true,Sex,Both sexes,SEX_BTSX,Age Group,18+  years,AGEGROUP_YEARS18-PLUS,,,,,,,4.6,,,2.8,,6.9,4.6 [2.8-6.9],,,EN,2017-11-17T08:00:00.000Z
NCD_GLUC_04,Raised fasting blood glucose (>=7.0 mmol/L) (age-standardized estimate),numeric,EUR,Europe,Country,BEL,Belgium,Year,2014,true,Sex,Both sexes,SEX_BTSX,Age Group,18+  years,AGEGROUP_YEARS18-PLUS,,,,,,,4.6,,,2.9,,6.6,4.6 [2.9-6.6],,,EN,2017-11-17T08:00:00.000Z
NCD_GLUC_04,Raised fasting blood glucose (>=7.0 mmol/L) (age-standardized estimate),numeric,EUR,Europe,Country,SWE,Sweden,Year,2014,true,Sex,Both sexes,SEX_BTSX,Age Group,18+  years,AGEGROUP_YEARS18-PLUS,,,,,,,4.9,,,3.2,,7.1,4.9 [3.2-7.1],,,EN,2017-11-17T08:00:00.000Z
NCD_GLUC_04,Raised fasting blood glucose (>=7.0 mmol/L) (age-standardized estimate),numeric,EUR,Europe,Country,DEU,Germany,Year,2014,true,Sex,Both sexes,SEX_BTSX,Age Group,18+  years,AGEGROUP_YEARS18-PLUS,,,,,,,5,,,3.2,,7.2,5.0 [3.2-7.2],,,EN,2017-11-17T08:00:00.000Z
NCD_GLUC_04,Raised fasting blood glucose (>=7.0 mmol/L) (age-standardized estimate),numeric,EUR,Europe,Country,NOR,Norway,Year,2014,true,Sex,Both sexes,SEX_BTSX,Age Group,18+  years,AGEGROUP_YEARS18-PLUS,,,,,,,5.1,,,3.2,,7.4,5.1 [3.2-7.4],,,EN,2017-11-17T08:00:00.000Z
NCD_GLUC_04,Raised fasting blood glucose (>=7.0 mmol/L) (age-standardized estimate),numeric,WPR,Western Pacific,Country,VNM,Viet Nam,Year,2014,true,Sex,Both sexes,SEX_BTSX,Age Group,18+  years,AGEGROUP_YEARS18-PLUS,,,,,,,5.3,,,3.4,,7.6,5.3 [3.4-7.6],,,EN,2017-11-17T08:00:00.000Z
NCD_GLUC_04,Raised fasting blood glucose (>=7.0 mmol/L) (age-standardized estimate),numeric,EUR,Europe,Country,FIN,Finland,Year,2014,true,Sex,Both sexes,SEX_BTSX,Age Group,18+  years,AGEGROUP_YEARS18-PLUS,,,,,,,5.3,,,3.6,,7.6,5.3 [3.6-7.6],,,EN,2017-11-17T08:00:00.000Z
NCD_GLUC_04,Raised fasting blood glucose (>=7.0 mmol/L) (age-standardized estimate),numeric,AFR,Africa,Country,ETH,Ethiopia,Year,2014,true,Sex,Both sexes,SEX_BTSX,Age Group,18+  years,AGEGROUP_YEARS18-PLUS,,,,,,,5.4,,,3.2,,8.3,5.4 [3.2-8.3],,,EN,2017-11-17T08:00:00.000Z
NCD_GLUC_04,Raised fasting blood glucose (>=7.0 mmol/L) (age-standardized estimate),numeric,EUR,Europe,Country,LUX,Luxembourg,Year,2014,true,Sex,Both sexes,SEX_BTSX,Age Group,18+  years,AGEGROUP_YEARS18-PLUS,,,,,,,5.4,,,3.4,,8,5.4 [3.4-8.0],,,EN,2017-11-17T08:00:00.000Z
NCD_GLUC_04,Raised fasting blood glucose (>=7.0 mmol/L) (age-standardized estimate),numeric,AFR,Africa,Country,ERI,Eritrea,Year,2014,true,Sex,Both sexes,SEX_BTSX,Age Group,18+  years,AGEGROUP_YEARS18-PLUS,,,,,,,5.5,,,3.3,,8.3,5.5 [3.3-8.3],,,EN,2017-11-17T08:00:00.000Z
NCD_GLUC_04,Raised fasting blood glucose (>=7.0 mmol/L) (age-standardized estimate),numeric,SEAR,South-East Asia,Country,TLS,Timor-Leste,Year,2014,true,Sex,Both sexes,SEX_BTSX,Age Group,18+  years,AGEGROUP_YEARS18-PLUS,,,,,,,5.5,,,3.4,,7.9,5.5 [3.4-7.9],,,EN,2017-11-17T08:00:00.000Z
NCD_GLUC_04,Raised fasting blood glucose (>=7.0 mmol/L) (age-standardized estimate),numeric,AFR,Africa,Country,MDG,Madagascar,Year,2014,true,Sex,Both sexes,SEX_BTSX,Age Group,18+  years,AGEGROUP_YEARS18-PLUS,,,,,,,5.5,,,3.4,,8.3,5.5 [3.4-8.3],,,EN,2017-11-17T08:00:00.000Z
NCD_GLUC_04,Raised fasting blood glucose (>=7.0 mmol/L) (age-standardized estimate),numeric,AMR,Americas,Country,CAN,Canada,Year,2014,true,Sex,Both sexes,SEX_BTSX,Age Group,18+  years,AGEGROUP_YEARS18-PLUS,,,,,,,5.5,,,3.6,,7.9,5.5 [3.6-7.9],,,EN,2017-11-17T08:00:00.000Z
NCD_GLUC_04,Raised fasting blood glucose (>=7.0 mmol/L) (age-standardized estimate),numeric,AFR,Africa,Country,NER,Niger,Year,2014,true,Sex,Both sexes,SEX_BTSX,Age Group,18+  years,AGEGROUP_YEARS18-PLUS,,,,,,,5.6,,,3.3,,8.8,5.6 [3.3-8.8],,,EN,2017-11-17T08:00:00.000Z
NCD_GLUC_04,Raised fasting blood glucose (>=7.0 mmol/L) (age-standardized estimate),numeric,EUR,Europe,Country,ITA,Italy,Year,2014,true,Sex,Both sexes,SEX_BTSX,Age Group,18+  years,AGEGROUP_YEARS18-PLUS,,,,,,,5.8,,,3.8,,8.3,5.8 [3.8-8.3],,,EN,2017-11-17T08:00:00.000Z
NCD_GLUC_04,Raised fasting blood glucose (>=7.0 mmol/L) (age-standardized estimate),numeric,EUR,Europe,Country,GBR,United Kingdom of Great Britain and Northern Ireland,Year,2014,true,Sex,Both sexes,SEX_BTSX,Age Group,18+  years,AGEGROUP_YEARS18-PLUS,,,,,,,5.8,,,4.1,,7.7,5.8 [4.1-7.7],,,EN,2017-11-17T08:00:00.000Z
NCD_GLUC_04,Raised fasting blood glucose (>=7.0 mmol/L) (age-standardized estimate),numeric,SEAR,South-East Asia,Country,PRK,Democratic People's Republic of Korea,Year,2014,true,Sex,Both sexes,SEX_BTSX,Age Group,18+  years,AGEGROUP_YEARS18-PLUS,,,,,,,5.9,,,3.2,,9.5,5.9 [3.2-9.5],,,EN,2017-11-17T08:00:00.000Z
NCD_GLUC_04,Raised fasting blood glucose (>=7.0 mmol/L) (age-standardized estimate),numeric,EUR,Europe,Country,ISL,Iceland,Year,2014,true,Sex,Both sexes,SEX_BTSX,Age Group,18+  years,AGEGROUP_YEARS18-PLUS,,,,,,,5.9,,,3.6,,8.8,5.9 [3.6-8.8],,,EN,2017-11-17T08:00:00.000Z
NCD_GLUC_04,Raised fasting blood glucose (>=7.0 mmol/L) (age-standardized estimate),numeric,EUR,Europe,Country,FRA,France,Year,2014,true,Sex,Both sexes,SEX_BTSX,Age Group,18+  years,AGEGROUP_YEARS18-PLUS,,,,,,,5.9,,,3.8,,8.6,5.9 [3.8-8.6],,,EN,2017-11-17T08:00:00.000Z
NCD_GLUC_04,Raised fasting blood glucose (>=7.0 mmol/L) (age-standardized estimate),numeric,WPR,Western Pacific,Country,AUS,Australia,Year,2014,true,Sex,Both sexes,SEX_BTSX,Age Group,18+  years,AGEGROUP_YEARS18-PLUS,,,,,,,5.9,,,4,,8.2,5.9 [4.0-8.2],,,EN,2017-11-17T08:00:00.000Z
NCD_GLUC_04,Raised fasting blood glucose (>=7.0 mmol/L) (age-standardized estimate),numeric,AFR,Africa,Country,KEN,Kenya,Year,2014,true,Sex,Both sexes,SEX_BTSX,Age Group,18+  years,AGEGROUP_YEARS18-PLUS,,,,,,,6,,,3.8,,8.8,6.0 [3.8-8.8],,,EN,2017-11-17T08:00:00.000Z
NCD_GLUC_04,Raised fasting blood glucose (>=7.0 mmol/L) (age-standardized estimate),numeric,AFR,Africa,Country,TZA,United Republic of Tanzania,Year,2014,true,Sex,Both sexes,SEX_BTSX,Age Group,18+  years,AGEGROUP_YEARS18-PLUS,,,,,,,6.1,,,4,,8.7,6.1 [4.0-8.7],,,EN,2017-11-17T08:00:00.000Z
NCD_GLUC_04,Raised fasting blood glucose (>=7.0 mmol/L) (age-standardized estimate),numeric,AFR,Africa,Country,COD,Democratic Republic of the Congo,Year,2014,true,Sex,Both sexes,SEX_BTSX,Age Group,18+  years,AGEGROUP_YEARS18-PLUS,,,,,,,6.2,,,3.5,,10.6,6.2 [3.5-10.6],,,EN,2017-11-17T08:00:00.000Z
NCD_GLUC_04,Raised fasting blood glucose (>=7.0 mmol/L) (age-standardized estimate),numeric,AFR,Africa,Country,NGA,Nigeria,Year,2014,true,Sex,Both sexes,SEX_BTSX,Age Group,18+  years,AGEGROUP_YEARS18-PLUS,,,,,,,6.2,,,3.9,,9.1,6.2 [3.9-9.1],,,EN,2017-11-17T08:00:00.000Z
NCD_GLUC_04,Raised fasting blood glucose (>=7.0 mmol/L) (age-standardized estimate),numeric,EUR,Europe,Country,IRL,Ireland,Year,2014,true,Sex,Both sexes,SEX_BTSX,Age Group,18+  years,AGEGROUP_YEARS18-PLUS,,,,,,,6.2,,,4.1,,8.8,6.2 [4.1-8.8],,,EN,2017-11-17T08:00:00.000Z
NCD_GLUC_04,Raised fasting blood glucose (>=7.0 mmol/L) (age-standardized estimate),numeric,AFR,Africa,Country,BFA,Burkina Faso,Year,2014,true,Sex,Both sexes,SEX_BTSX,Age Group,18+  years,AGEGROUP_YEARS18-PLUS,,,,,,,6.3,,,3.9,,9.4,6.3 [3.9-9.4],,,EN,2017-11-17T08:00:00.000Z
NCD_GLUC_04,Raised fasting blood glucose (>=7.0 mmol/L) (age-standardized estimate),numeric,AFR,Africa,Country,MWI,Malawi,Year,2014,true,Sex,Both sexes,SEX_BTSX,Age Group,18+  years,AGEGROUP_YEARS18-PLUS,,,,,,,6.3,,,4,,9.3,6.3 [4.0-9.3],,,EN,2017-11-17T08:00:00.000Z
NCD_GLUC_04,Raised fasting blood glucose (>=7.0 mmol/L) (age-standardized estimate),numeric,AFR,Africa,Country,MOZ,Mozambique,Year,2014,true,Sex,Both sexes,SEX_BTSX,Age Group,18+  years,AGEGROUP_YEARS18-PLUS,,,,,,,6.4,,,4,,9.4,6.4 [4.0-9.4],,,EN,2017-11-17T08:00:00.000Z
NCD_GLUC_04,Raised fasting blood glucose (>=7.0 mmol/L) (age-standardized estimate),numeric,EUR,Europe,Country,ISR,Israel,Year,2014,true,Sex,Both sexes,SEX_BTSX,Age Group,18+  years,AGEGROUP_YEARS18-PLUS,,,,,,,6.4,,,4,,9.5,6.4 [4.0-9.5],,,EN,2017-11-17T08:00:00.000Z
NCD_GLUC_04,Raised fasting blood glucose (>=7.0 mmol/L) (age-standardized estimate),numeric,AFR,Africa,Country,GIN,Guinea,Year,2014,true,Sex,Both sexes,SEX_BTSX,Age Group,18+  years,AGEGROUP_YEARS18-PLUS,,,,,,,6.4,,,4.1,,9.4,6.4 [4.1-9.4],,,EN,2017-11-17T08:00:00.000Z
NCD_GLUC_04,Raised fasting blood glucose (>=7.0 mmol/L) (age-standardized estimate),numeric,AFR,Africa,Country,GHA,Ghana,Year,2014,true,Sex,Both sexes,SEX_BTSX,Age Group,18+  years,AGEGROUP_YEARS18-PLUS,,,,,,,6.5,,,4.1,,9.7,6.5 [4.1-9.7],,,EN,2017-11-17T08:00:00.000Z
NCD_GLUC_04,Raised fasting blood glucose (>=7.0 mmol/L) (age-standardized estimate),numeric,EUR,Europe,Country,GRC,Greece,Year,2014,true,Sex,Both sexes,SEX_BTSX,Age Group,18+  years,AGEGROUP_YEARS18-PLUS,,,,,,,6.6,,,4.2,,9.7,6.6 [4.2-9.7],,,EN,2017-11-17T08:00:00.000Z
NCD_GLUC_04,Raised fasting blood glucose (>=7.0 mmol/L) (age-standardized estimate),numeric,AFR,Africa,Country,ZMB,Zambia,Year,2014,true,Sex,Both sexes,SEX_BTSX,Age Group,18+  years,AGEGROUP_YEARS18-PLUS,,,,,,,6.6,,,4.2,,9.7,6.6 [4.2-9.7],,,EN,2017-11-17T08:00:00.000Z
NCD_GLUC_04,Raised fasting blood glucose (>=7.0 mmol/L) (age-standardized estimate),numeric,AFR,Africa,Country,CMR,Cameroon,Year,2014,true,Sex,Both sexes,SEX_BTSX,Age Group,18+  years,AGEGROUP_YEARS18-PLUS,,,,,,,6.7,,,4.2,,9.9,6.7 [4.2-9.9],,,EN,2017-11-17T08:00:00.000Z
NCD_GLUC_04,Raised fasting blood glucose (>=7.0 mmol/L) (age-standardized estimate),numeric,WPR,Western Pacific,Country,JPN,Japan,Year,2014,true,Sex,Both sexes,SEX_BTSX,Age Group,18+  years,AGEGROUP_YEARS18-PLUS,,,,,,,6.7,,,4.7,,9,6.7 [4.7-9.0],,,EN,2017-11-17T08:00:00.000Z
NCD_GLUC_04,Raised fasting blood glucose (>=7.0 mmol/L) (age-standardized estimate),numeric,EUR,Europe,Country,ROU,Romania,Year,2014,true,Sex,Both sexes,SEX_BTSX,Age Group,18+  years,AGEGROUP_YEARS18-PLUS,,,,,,,6.8,,,4.2,,10.1,6.8 [4.2-10.1],,,EN,2017-11-17T08:00:00.000Z
NCD_GLUC_04,Raised fasting blood glucose (>=7.0 mmol/L) (age-standardized estimate),numeric,EMR,Eastern Mediterranean,Country,SOM,Somalia,Year,2014,true,Sex,Both sexes,SEX_BTSX,Age Group,18+  years,AGEGROUP_YEARS18-PLUS,,,,,,,6.8,,,4.2,,10.4,6.8 [4.2-10.4],,,EN,2017-11-17T08:00:00.000Z
NCD_GLUC_04,Raised fasting blood glucose (>=7.0 mmol/L) (age-standardized estimate),numeric,EUR,Europe,Country,PRT,Portugal,Year,2014,true,Sex,Both sexes,SEX_BTSX,Age Group,18+  years,AGEGROUP_YEARS18-PLUS,,,,,,,6.8,,,4.3,,10,6.8 [4.3-10.0],,,EN,2017-11-17T08:00:00.000Z
NCD_GLUC_04,Raised fasting blood glucose (>=7.0 mmol/L) (age-standardized estimate),numeric,EUR,Europe,Country,SRB,Serbia,Year,2014,true,Sex,Both sexes,SEX_BTSX,Age Group,18+  years,AGEGROUP_YEARS18-PLUS,,,,,,,6.9,,,4.3,,10.2,6.9 [4.3-10.2],,,EN,2017-11-17T08:00:00.000Z
NCD_GLUC_04,Raised fasting blood glucose (>=7.0 mmol/L) (age-standardized estimate),numeric,AFR,Africa,Country,CIV,Cote d'Ivoire,Year,2014,true,Sex,Both sexes,SEX_BTSX,Age Group,18+  years,AGEGROUP_YEARS18-PLUS,,,,,,,6.9,,,4.3,,10.3,6.9 [4.3-10.3],,,EN,2017-11-17T08:00:00.000Z
NCD_GLUC_04,Raised fasting blood glucose (>=7.0 mmol/L) (age-standardized estimate),numeric,EUR,Europe,Country,AND,Andorra,Year,2014,true,Sex,Both sexes,SEX_BTSX,Age Group,18+  years,AGEGROUP_YEARS18-PLUS,,,,,,,6.9,,,4.4,,10.1,6.9 [4.4-10.1],,,EN,2017-11-17T08:00:00.000Z
NCD_GLUC_04,Raised fasting blood glucose (>=7.0 mmol/L) (age-standardized estimate),numeric,AFR,Africa,Country,SLE,Sierra Leone,Year,2014,true,Sex,Both sexes,SEX_BTSX,Age Group,18+  years,AGEGROUP_YEARS18-PLUS,,,,,,,6.9,,,4.4,,10.2,6.9 [4.4-10.2],,,EN,2017-11-17T08:00:00.000Z
NCD_GLUC_04,Raised fasting blood glucose (>=7.0 mmol/L) (age-standardized estimate),numeric,WPR,Western Pacific,Country,NZL,New Zealand,Year,2014,true,Sex,Both sexes,SEX_BTSX,Age Group,18+  years,AGEGROUP_YEARS18-PLUS,,,,,,,6.9,,,4.6,,9.7,6.9 [4.6-9.7],,,EN,2017-11-17T08:00:00.000Z
NCD_GLUC_04,Raised fasting blood glucose (>=7.0 mmol/L) (age-standardized estimate),numeric,AFR,Africa,Country,TCD,Chad,Year,2014,true,Sex,Both sexes,SEX_BTSX,Age Group,18+  years,AGEGROUP_YEARS18-PLUS,,,,,,,7,,,4.3,,10.6,7.0 [4.3-10.6],,,EN,2017-11-17T08:00:00.000Z
NCD_GLUC_04,Raised fasting blood glucose (>=7.0 mmol/L) (age-standardized estimate),numeric,EUR,Europe,Country,CYP,Cyprus,Year,2014,true,Sex,Both sexes,SEX_BTSX,Age Group,18+  years,AGEGROUP_YEARS18-PLUS,,,,,,,7,,,4.4,,10.2,7.0 [4.4-10.2],,,EN,2017-11-17T08:00:00.000Z
NCD_GLUC_04,Raised fasting blood glucose (>=7.0 mmol/L) (age-standardized estimate),numeric,EUR,Europe,Country,EST,Estonia,Year,2014,true,Sex,Both sexes,SEX_BTSX,Age Group,18+  years,AGEGROUP_YEARS18-PLUS,,,,,,,7.1,,,4.2,,11,7.1 [4.2-11.0],,,EN,2017-11-17T08:00:00.000Z
NCD_GLUC_04,Raised fasting blood glucose (>=7.0 mmol/L) (age-standardized estimate),numeric,AFR,Africa,Country,ZWE,Zimbabwe,Year,2014,true,Sex,Both sexes,SEX_BTSX,Age Group,18+  years,AGEGROUP_YEARS18-PLUS,,,,,,,7.1,,,4.3,,10.5,7.1 [4.3-10.5],,,EN,2017-11-17T08:00:00.000Z
NCD_GLUC_04,Raised fasting blood glucose (>=7.0 mmol/L) (age-standardized estimate),numeric,EUR,Europe,Country,SVN,Slovenia,Year,2014,true,Sex,Both sexes,SEX_BTSX,Age Group,18+  years,AGEGROUP_YEARS18-PLUS,,,,,,,7.1,,,4.4,,10.6,7.1 [4.4-10.6],,,EN,2017-11-17T08:00:00.000Z
NCD_GLUC_04,Raised fasting blood glucose (>=7.0 mmol/L) (age-standardized estimate),numeric,EUR,Europe,Country,MNE,Montenegro,Year,2014,true,Sex,Both sexes,SEX_BTSX,Age Group,18+  years,AGEGROUP_YEARS18-PLUS,,,,,,,7.1,,,4.4,,10.7,7.1 [4.4-10.7],,,EN,2017-11-17T08:00:00.000Z
NCD_GLUC_04,Raised fasting blood glucose (>=7.0 mmol/L) (age-standardized estimate),numeric,AFR,Africa,Country,GNB,Guinea-Bissau,Year,2014,true,Sex,Both sexes,SEX_BTSX,Age Group,18+  years,AGEGROUP_YEARS18-PLUS,,,,,,,7.1,,,4.5,,10.5,7.1 [4.5-10.5],,,EN,2017-11-17T08:00:00.000Z
NCD_GLUC_04,Raised fasting blood glucose (>=7.0 mmol/L) (age-standardized estimate),numeric,EUR,Europe,Country,ESP,Spain,Year,2014,true,Sex,Both sexes,SEX_BTSX,Age Group,18+  years,AGEGROUP_YEARS18-PLUS,,,,,,,7.1,,,4.6,,10.2,7.1 [4.6-10.2],,,EN,2017-11-17T08:00:00.000Z
NCD_GLUC_04,Raised fasting blood glucose (>=7.0 mmol/L) (age-standardized estimate),numeric,WPR,Western Pacific,Country,KHM,Cambodia,Year,2014,true,Sex,Both sexes,SEX_BTSX,Age Group,18+  years,AGEGROUP_YEARS18-PLUS,,,,,,,7.1,,,4.6,,10.4,7.1 [4.6-10.4],,,EN,2017-11-17T08:00:00.000Z
NCD_GLUC_04,Raised fasting blood glucose (>=7.0 mmol/L) (age-standardized estimate),numeric,AFR,Africa,Country,TGO,Togo,Year,2014,true,Sex,Both sexes,SEX_BTSX,Age Group,18+  years,AGEGROUP_YEARS18-PLUS,,,,,,,7.1,,,4.6,,10.4,7.1 [4.6-10.4],,,EN,2017-11-17T08:00:00.000Z
NCD_GLUC_04,Raised fasting blood glucose (>=7.0 mmol/L) (age-standardized estimate),numeric,EUR,Europe,Country,LVA,Latvia,Year,2014,true,Sex,Both sexes,SEX_BTSX,Age Group,18+  years,AGEGROUP_YEARS18-PLUS,,,,,,,7.2,,,4.2,,11.2,7.2 [4.2-11.2],,,EN,2017-11-17T08:00:00.000Z
NCD_GLUC_04,Raised fasting blood glucose (>=7.0 mmol/L) (age-standardized estimate),numeric,EUR,Europe,Country,MKD,North Macedonia,Year,2014,true,Sex,Both sexes,SEX_BTSX,Age Group,18+  years,AGEGROUP_YEARS18-PLUS,,,,,,,7.2,,,4.5,,10.6,7.2 [4.5-10.6],,,EN,2017-11-17T08:00:00.000Z
NCD_GLUC_04,Raised fasting blood glucose (>=7.0 mmol/L) (age-standardized estimate),numeric,AFR,Africa,Country,BEN,Benin,Year,2014,true,Sex,Both sexes,SEX_BTSX,Age Group,18+  years,AGEGROUP_YEARS18-PLUS,,,,,,,7.2,,,4.6,,10.5,7.2 [4.6-10.5],,,EN,2017-11-17T08:00:00.000Z
NCD_GLUC_04,Raised fasting blood glucose (>=7.0 mmol/L) (age-standardized estimate),numeric,EUR,Europe,Country,SVK,Slovakia,Year,2014,true,Sex,Both sexes,SEX_BTSX,Age Group,18+  years,AGEGROUP_YEARS18-PLUS,,,,,,,7.2,,,4.7,,10.5,7.2 [4.7-10.5],,,EN,2017-11-17T08:00:00.000Z
NCD_GLUC_04,Raised fasting blood glucose (>=7.0 mmol/L) (age-standardized estimate),numeric,WPR,Western Pacific,Country,PHL,Philippines,Year,2014,true,Sex,Both sexes,SEX_BTSX,Age Group,18+  years,AGEGROUP_YEARS18-PLUS,,,,,,,7.2,,,4.9,,10,7.2 [4.9-10.0],,,EN,2017-11-17T08:00:00.000Z
NCD_GLUC_04,Raised fasting blood glucose (>=7.0 mmol/L) (age-standardized estimate),numeric,EUR,Europe,Country,UKR,Ukraine,Year,2014,true,Sex,Both sexes,SEX_BTSX,Age Group,18+  years,AGEGROUP_YEARS18-PLUS,,,,,,,7.3,,,4.3,,11.4,7.3 [4.3-11.4],,,EN,2017-11-17T08:00:00.000Z
NCD_GLUC_04,Raised fasting blood glucose (>=7.0 mmol/L) (age-standardized estimate),numeric,AFR,Africa,Country,MLI,Mali,Year,2014,true,Sex,Both sexes,SEX_BTSX,Age Group,18+  years,AGEGROUP_YEARS18-PLUS,,,,,,,7.3,,,4.4,,11.1,7.3 [4.4-11.1],,,EN,2017-11-17T08:00:00.000Z
NCD_GLUC_04,Raised fasting blood glucose (>=7.0 mmol/L) (age-standardized estimate),numeric,EUR,Europe,Country,HRV,Croatia,Year,2014,true,Sex,Both sexes,SEX_BTSX,Age Group,18+  years,AGEGROUP_YEARS18-PLUS,,,,,,,7.3,,,4.6,,11,7.3 [4.6-11.0],,,EN,2017-11-17T08:00:00.000Z
NCD_GLUC_04,Raised fasting blood glucose (>=7.0 mmol/L) (age-standardized estimate),numeric,AMR,Americas,Country,USA,United States of America,Year,2014,true,Sex,Both sexes,SEX_BTSX,Age Group,18+  years,AGEGROUP_YEARS18-PLUS,,,,,,,7.3,,,5.1,,10.1,7.3 [5.1-10.1],,,EN,2017-11-17T08:00:00.000Z
NCD_GLUC_04,Raised fasting blood glucose (>=7.0 mmol/L) (age-standardized estimate),numeric,AFR,Africa,Country,SEN,Senegal,Year,2014,true,Sex,Both sexes,SEX_BTSX,Age Group,18+  years,AGEGROUP_YEARS18-PLUS,,,,,,,7.4,,,4.6,,10.9,7.4 [4.6-10.9],,,EN,2017-11-17T08:00:00.000Z
NCD_GLUC_04,Raised fasting blood glucose (>=7.0 mmol/L) (age-standardized estimate),numeric,EUR,Europe,Country,BIH,Bosnia and Herzegovina,Year,2014,true,Sex,Both sexes,SEX_BTSX,Age Group,18+  years,AGEGROUP_YEARS18-PLUS,,,,,,,7.4,,,4.7,,10.8,7.4 [4.7-10.8],,,EN,2017-11-17T08:00:00.000Z
NCD_GLUC_04,Raised fasting blood glucose (>=7.0 mmol/L) (age-standardized estimate),numeric,AFR,Africa,Country,NAM,Namibia,Year,2014,true,Sex,Both sexes,SEX_BTSX,Age Group,18+  years,AGEGROUP_YEARS18-PLUS,,,,,,,7.4,,,4.7,,11,7.4 [4.7-11.0],,,EN,2017-11-17T08:00:00.000Z
NCD_GLUC_04,Raised fasting blood glucose (>=7.0 mmol/L) (age-standardized estimate),numeric,EUR,Europe,Country,ALB,Albania,Year,2014,true,Sex,Both sexes,SEX_BTSX,Age Group,18+  years,AGEGROUP_YEARS18-PLUS,,,,,,,7.4,,,4.7,,11.1,7.4 [4.7-11.1],,,EN,2017-11-17T08:00:00.000Z
NCD_GLUC_04,Raised fasting blood glucose (>=7.0 mmol/L) (age-standardized estimate),numeric,SEAR,South-East Asia,Country,LKA,Sri Lanka,Year,2014,true,Sex,Both sexes,SEX_BTSX,Age Group,18+  years,AGEGROUP_YEARS18-PLUS,,,,,,,7.4,,,4.8,,10.9,7.4 [4.8-10.9],,,EN,2017-11-17T08:00:00.000Z
NCD_GLUC_04,Raised fasting blood glucose (>=7.0 mmol/L) (age-standardized estimate),numeric,SEAR,South-East Asia,Country,MMR,Myanmar,Year,2014,true,Sex,Both sexes,SEX_BTSX,Age Group,18+  years,AGEGROUP_YEARS18-PLUS,,,,,,,7.4,,,4.9,,10.5,7.4 [4.9-10.5],,,EN,2017-11-17T08:00:00.000Z
NCD_GLUC_04,Raised fasting blood glucose (>=7.0 mmol/L) (age-standardized estimate),numeric,EUR,Europe,Country,CZE,Czechia,Year,2014,true,Sex,Both sexes,SEX_BTSX,Age Group,18+  years,AGEGROUP_YEARS18-PLUS,,,,,,,7.5,,,4.7,,11.2,7.5 [4.7-11.2],,,EN,2017-11-17T08:00:00.000Z
NCD_GLUC_04,Raised fasting blood glucose (>=7.0 mmol/L) (age-standardized estimate),numeric,EUR,Europe,Country,BGR,Bulgaria,Year,2014,true,Sex,Both sexes,SEX_BTSX,Age Group,18+  years,AGEGROUP_YEARS18-PLUS,,,,,,,7.6,,,4.8,,11.3,7.6 [4.8-11.3],,,EN,2017-11-17T08:00:00.000Z
NCD_GLUC_04,Raised fasting blood glucose (>=7.0 mmol/L) (age-standardized estimate),numeric,AFR,Africa,Country,COG,Congo,Year,2014,true,Sex,Both sexes,SEX_BTSX,Age Group,18+  years,AGEGROUP_YEARS18-PLUS,,,,,,,7.7,,,4.3,,12.8,7.7 [4.3-12.8],,,EN,2017-11-17T08:00:00.000Z
NCD_GLUC_04,Raised fasting blood glucose (>=7.0 mmol/L) (age-standardized estimate),numeric,AMR,Americas,Country,PER,Peru,Year,2014,true,Sex,Both sexes,SEX_BTSX,Age Group,18+  years,AGEGROUP_YEARS18-PLUS,,,,,,,7.7,,,4.6,,11.4,7.7 [4.6-11.4],,,EN,2017-11-17T08:00:00.000Z
NCD_GLUC_04,Raised fasting blood glucose (>=7.0 mmol/L) (age-standardized estimate),numeric,EUR,Europe,Country,RUS,Russian Federation,Year,2014,true,Sex,Both sexes,SEX_BTSX,Age Group,18+  years,AGEGROUP_YEARS18-PLUS,,,,,,,7.7,,,4.6,,11.9,7.7 [4.6-11.9],,,EN,2017-11-17T08:00:00.000Z
NCD_GLUC_04,Raised fasting blood glucose (>=7.0 mmol/L) (age-standardized estimate),numeric,EUR,Europe,Country,MLT,Malta,Year,2014,true,Sex,Both sexes,SEX_BTSX,Age Group,18+  years,AGEGROUP_YEARS18-PLUS,,,,,,,7.7,,,4.9,,11.2,7.7 [4.9-11.2],,,EN,2017-11-17T08:00:00.000Z
NCD_GLUC_04,Raised fasting blood glucose (>=7.0 mmol/L) (age-standardized estimate),numeric,EUR,Europe,Country,HUN,Hungary,Year,2014,true,Sex,Both sexes,SEX_BTSX,Age Group,18+  years,AGEGROUP_YEARS18-PLUS,,,,,,,7.7,,,4.9,,11.4,7.7 [4.9-11.4],,,EN,2017-11-17T08:00:00.000Z
NCD_GLUC_04,Raised fasting blood glucose (>=7.0 mmol/L) (age-standardized estimate),numeric,WPR,Western Pacific,Country,LAO,Lao People's Democratic Republic,Year,2014,true,Sex,Both sexes,SEX_BTSX,Age Group,18+  years,AGEGROUP_YEARS18-PLUS,,,,,,,7.7,,,5,,10.8,7.7 [5.0-10.8],,,EN,2017-11-17T08:00:00.000Z
NCD_GLUC_04,Raised fasting blood glucose (>=7.0 mmol/L) (age-standardized estimate),numeric,EUR,Europe,Country,POL,Poland,Year,2014,true,Sex,Both sexes,SEX_BTSX,Age Group,18+  years,AGEGROUP_YEARS18-PLUS,,,,,,,7.7,,,5,,10.9,7.7 [5.0-10.9],,,EN,2017-11-17T08:00:00.000Z
NCD_GLUC_04,Raised fasting blood glucose (>=7.0 mmol/L) (age-standardized estimate),numeric,AFR,Africa,Country,LBR,Liberia,Year,2014,true,Sex,Both sexes,SEX_BTSX,Age Group,18+  years,AGEGROUP_YEARS18-PLUS,,,,,,,7.7,,,5,,11.2,7.7 [5.0-11.2],,,EN,2017-11-17T08:00:00.000Z
NCD_GLUC_04,Raised fasting blood glucose (>=7.0 mmol/L) (age-standardized estimate),numeric,SEAR,South-East Asia,Country,IDN,Indonesia,Year,2014,true,Sex,Both sexes,SEX_BTSX,Age Group,18+  years,AGEGROUP_YEARS18-PLUS,,,,,,,7.7,,,5.1,,11,7.7 [5.1-11.0],,,EN,2017-11-17T08:00:00.000Z
NCD_GLUC_04,Raised fasting blood glucose (>=7.0 mmol/L) (age-standardized estimate),numeric,EUR,Europe,Country,BLR,Belarus,Year,2014,true,Sex,Both sexes,SEX_BTSX,Age Group,18+  years,AGEGROUP_YEARS18-PLUS,,,,,,,7.8,,,4.6,,11.8,7.8 [4.6-11.8],,,EN,2017-11-17T08:00:00.000Z
NCD_GLUC_04,Raised fasting blood glucose (>=7.0 mmol/L) (age-standardized estimate),numeric,AFR,Africa,Country,CAF,Central African Republic,Year,2014,true,Sex,Both sexes,SEX_BTSX,Age Group,18+  years,AGEGROUP_YEARS18-PLUS,,,,,,,7.8,,,4.6,,12.7,7.8 [4.6-12.7],,,EN,2017-11-17T08:00:00.000Z
NCD_GLUC_04,Raised fasting blood glucose (>=7.0 mmol/L) (age-standardized estimate),numeric,EUR,Europe,Country,LTU,Lithuania,Year,2014,true,Sex,Both sexes,SEX_BTSX,Age Group,18+  years,AGEGROUP_YEARS18-PLUS,,,,,,,7.9,,,4.7,,12.2,7.9 [4.7-12.2],,,EN,2017-11-17T08:00:00.000Z
NCD_GLUC_04,Raised fasting blood glucose (>=7.0 mmol/L) (age-standardized estimate),numeric,WPR,Western Pacific,Country,SGP,Singapore,Year,2014,true,Sex,Both sexes,SEX_BTSX,Age Group,18+  years,AGEGROUP_YEARS18-PLUS,,,,,,,7.9,,,5.5,,10.8,7.9 [5.5-10.8],,,EN,2017-11-17T08:00:00.000Z
NCD_GLUC_04,Raised fasting blood glucose (>=7.0 mmol/L) (age-standardized estimate),numeric,AMR,Americas,Country,ECU,Ecuador,Year,2014,true,Sex,Both sexes,SEX_BTSX,Age Group,18+  years,AGEGROUP_YEARS18-PLUS,,,,,,,8,,,4.6,,12,8.0 [4.6-12.0],,,EN,2017-11-17T08:00:00.000Z
NCD_GLUC_04,Raised fasting blood glucose (>=7.0 mmol/L) (age-standardized estimate),numeric,AMR,Americas,Country,BOL,Bolivia (Plurinational State of),Year,2014,true,Sex,Both sexes,SEX_BTSX,Age Group,18+  years,AGEGROUP_YEARS18-PLUS,,,,,,,8,,,4.7,,12.2,8.0 [4.7-12.2],,,EN,2017-11-17T08:00:00.000Z
NCD_GLUC_04,Raised fasting blood glucose (>=7.0 mmol/L) (age-standardized estimate),numeric,AFR,Africa,Country,STP,Sao Tome and Principe,Year,2014,true,Sex,Both sexes,SEX_BTSX,Age Group,18+  years,AGEGROUP_YEARS18-PLUS,,,,,,,8,,,5.1,,11.9,8.0 [5.1-11.9],,,EN,2017-11-17T08:00:00.000Z
NCD_GLUC_04,Raised fasting blood glucose (>=7.0 mmol/L) (age-standardized estimate),numeric,AFR,Africa,Country,COM,Comoros,Year,2014,true,Sex,Both sexes,SEX_BTSX,Age Group,18+  years,AGEGROUP_YEARS18-PLUS,,,,,,,8,,,5.3,,11.4,8.0 [5.3-11.4],,,EN,2017-11-17T08:00:00.000Z
NCD_GLUC_04,Raised fasting blood glucose (>=7.0 mmol/L) (age-standardized estimate),numeric,WPR,Western Pacific,Country,KOR,Republic of Korea,Year,2014,true,Sex,Both sexes,SEX_BTSX,Age Group,18+  years,AGEGROUP_YEARS18-PLUS,,,,,,,8,,,5.5,,11,8.0 [5.5-11.0],,,EN,2017-11-17T08:00:00.000Z
NCD_GLUC_04,Raised fasting blood glucose (>=7.0 mmol/L) (age-standardized estimate),numeric,EMR,Eastern Mediterranean,Country,DJI,Djibouti,Year,2014,true,Sex,Both sexes,SEX_BTSX,Age Group,18+  years,AGEGROUP_YEARS18-PLUS,,,,,,,8.1,,,4.9,,12.3,8.1 [4.9-12.3],,,EN,2017-11-17T08:00:00.000Z
NCD_GLUC_04,Raised fasting blood glucose (>=7.0 mmol/L) (age-standardized estimate),numeric,EUR,Europe,Country,MDA,Republic of Moldova,Year,2014,true,Sex,Both sexes,SEX_BTSX,Age Group,18+  years,AGEGROUP_YEARS18-PLUS,,,,,,,8.1,,,4.9,,12.3,8.1 [4.9-12.3],,,EN,2017-11-17T08:00:00.000Z
NCD_GLUC_04,Raised fasting blood glucose (>=7.0 mmol/L) (age-standardized estimate),numeric,AMR,Americas,Country,PRY,Paraguay,Year,2014,true,Sex,Both sexes,SEX_BTSX,Age Group,18+  years,AGEGROUP_YEARS18-PLUS,,,,,,,8.1,,,5.1,,12.3,8.1 [5.1-12.3],,,EN,2017-11-17T08:00:00.000Z
NCD_GLUC_04,Raised fasting blood glucose (>=7.0 mmol/L) (age-standardized estimate),numeric,AFR,Africa,Country,AGO,Angola,Year,2014,true,Sex,Both sexes,SEX_BTSX,Age Group,18+  years,AGEGROUP_YEARS18-PLUS,,,,,,,8.2,,,4.8,,13.5,8.2 [4.8-13.5],,,EN,2017-11-17T08:00:00.000Z
NCD_GLUC_04,Raised fasting blood glucose (>=7.0 mmol/L) (age-standardized estimate),numeric,AMR,Americas,Country,BRA,Brazil,Year,2014,true,Sex,Both sexes,SEX_BTSX,Age Group,18+  years,AGEGROUP_YEARS18-PLUS,,,,,,,8.3,,,5.3,,12.1,8.3 [5.3-12.1],,,EN,2017-11-17T08:00:00.000Z
NCD_GLUC_04,Raised fasting blood glucose (>=7.0 mmol/L) (age-standardized estimate),numeric,AMR,Americas,Country,CUB,Cuba,Year,2014,true,Sex,Both sexes,SEX_BTSX,Age Group,18+  years,AGEGROUP_YEARS18-PLUS,,,,,,,8.4,,,5.2,,12.7,8.4 [5.2-12.7],,,EN,2017-11-17T08:00:00.000Z
NCD_GLUC_04,Raised fasting blood glucose (>=7.0 mmol/L) (age-standardized estimate),numeric,AFR,Africa,Country,CPV,Cabo Verde,Year,2014,true,Sex,Both sexes,SEX_BTSX,Age Group,18+  years,AGEGROUP_YEARS18-PLUS,,,,,,,8.5,,,5.5,,12.4,8.5 [5.5-12.4],,,EN,2017-11-17T08:00:00.000Z
NCD_GLUC_04,Raised fasting blood glucose (>=7.0 mmol/L) (age-standardized estimate),numeric,AMR,Americas,Country,COL,Colombia,Year,2014,true,Sex,Both sexes,SEX_BTSX,Age Group,18+  years,AGEGROUP_YEARS18-PLUS,,,,,,,8.5,,,5.5,,12.4,8.5 [5.5-12.4],,,EN,2017-11-17T08:00:00.000Z
NCD_GLUC_04,Raised fasting blood glucose (>=7.0 mmol/L) (age-standardized estimate),numeric,SEAR,South-East Asia,Country,THA,Thailand,Year,2014,true,Sex,Both sexes,SEX_BTSX,Age Group,18+  years,AGEGROUP_YEARS18-PLUS,,,,,,,8.5,,,5.8,,11.9,8.5 [5.8-11.9],,,EN,2017-11-17T08:00:00.000Z
NCD_GLUC_04,Raised fasting blood glucose (>=7.0 mmol/L) (age-standardized estimate),numeric,AFR,Africa,Country,BWA,Botswana,Year,2014,true,Sex,Both sexes,SEX_BTSX,Age Group,18+  years,AGEGROUP_YEARS18-PLUS,,,,,,,8.6,,,5.6,,12.3,8.6 [5.6-12.3],,,EN,2017-11-17T08:00:00.000Z
NCD_GLUC_04,Raised fasting blood glucose (>=7.0 mmol/L) (age-standardized estimate),numeric,AMR,Americas,Country,HTI,Haiti,Year,2014,true,Sex,Both sexes,SEX_BTSX,Age Group,18+  years,AGEGROUP_YEARS18-PLUS,,,,,,,8.7,,,5.2,,13.5,8.7 [5.2-13.5],,,EN,2017-11-17T08:00:00.000Z
NCD_GLUC_04,Raised fasting blood glucose (>=7.0 mmol/L) (age-standardized estimate),numeric,AFR,Africa,Country,GMB,Gambia,Year,2014,true,Sex,Both sexes,SEX_BTSX,Age Group,18+  years,AGEGROUP_YEARS18-PLUS,,,,,,,8.7,,,5.5,,13,8.7 [5.5-13.0],,,EN,2017-11-17T08:00:00.000Z
NCD_GLUC_04,Raised fasting blood glucose (>=7.0 mmol/L) (age-standardized estimate),numeric,SEAR,South-East Asia,Country,IND,India,Year,2014,true,Sex,Both sexes,SEX_BTSX,Age Group,18+  years,AGEGROUP_YEARS18-PLUS,,,,,,,8.7,,,5.9,,12,8.7 [5.9-12.0],,,EN,2017-11-17T08:00:00.000Z
NCD_GLUC_04,Raised fasting blood glucose (>=7.0 mmol/L) (age-standardized estimate),numeric,AFR,Africa,Country,LSO,Lesotho,Year,2014,true,Sex,Both sexes,SEX_BTSX,Age Group,18+  years,AGEGROUP_YEARS18-PLUS,,,,,,,8.8,,,5.4,,13,8.8 [5.4-13.0],,,EN,2017-11-17T08:00:00.000Z
NCD_GLUC_04,Raised fasting blood glucose (>=7.0 mmol/L) (age-standardized estimate),numeric,WPR,Western Pacific,Country,CHN,China,Year,2014,true,Sex,Both sexes,SEX_BTSX,Age Group,18+  years,AGEGROUP_YEARS18-PLUS,,,,,,,8.8,,,6,,12.4,8.8 [6.0-12.4],,,EN,2017-11-17T08:00:00.000Z
NCD_GLUC_04,Raised fasting blood glucose (>=7.0 mmol/L) (age-standardized estimate),numeric,EMR,Eastern Mediterranean,Country,SDN736,Sudan (former),Year,2014,true,Sex,Both sexes,SEX_BTSX,Age Group,18+  years,AGEGROUP_YEARS18-PLUS,,,,,,,8.9,,,5.7,,13,8.9 [5.7-13.0],,,EN,2017-11-17T08:00:00.000Z
NCD_GLUC_04,Raised fasting blood glucose (>=7.0 mmol/L) (age-standardized estimate),numeric,AMR,Americas,Country,CRI,Costa Rica,Year,2014,true,Sex,Both sexes,SEX_BTSX,Age Group,18+  years,AGEGROUP_YEARS18-PLUS,,,,,,,8.9,,,5.8,,12.8,8.9 [5.8-12.8],,,EN,2017-11-17T08:00:00.000Z
NCD_GLUC_04,Raised fasting blood glucose (>=7.0 mmol/L) (age-standardized estimate),numeric,AFR,Africa,Country,MRT,Mauritania,Year,2014,true,Sex,Both sexes,SEX_BTSX,Age Group,18+  years,AGEGROUP_YEARS18-PLUS,,,,,,,9,,,5.6,,13.4,9.0 [5.6-13.4],,,EN,2017-11-17T08:00:00.000Z
NCD_GLUC_04,Raised fasting blood glucose (>=7.0 mmol/L) (age-standardized estimate),numeric,AMR,Americas,Country,HND,Honduras,Year,2014,true,Sex,Both sexes,SEX_BTSX,Age Group,18+  years,AGEGROUP_YEARS18-PLUS,,,,,,,9.3,,,5.9,,13.6,9.3 [5.9-13.6],,,EN,2017-11-17T08:00:00.000Z
NCD_GLUC_04,Raised fasting blood glucose (>=7.0 mmol/L) (age-standardized estimate),numeric,AMR,Americas,Country,PAN,Panama,Year,2014,true,Sex,Both sexes,SEX_BTSX,Age Group,18+  years,AGEGROUP_YEARS18-PLUS,,,,,,,9.3,,,6.2,,13.3,9.3 [6.2-13.3],,,EN,2017-11-17T08:00:00.000Z
NCD_GLUC_04,Raised fasting blood glucose (>=7.0 mmol/L) (age-standardized estimate),numeric,AFR,Africa,Country,GNQ,Equatorial Guinea,Year,2014,true,Sex,Both sexes,SEX_BTSX,Age Group,18+  years,AGEGROUP_YEARS18-PLUS,,,,,,,9.4,,,5.5,,15,9.4 [5.5-15.0],,,EN,2017-11-17T08:00:00.000Z
NCD_GLUC_04,Raised fasting blood glucose (>=7.0 mmol/L) (age-standardized estimate),numeric,WPR,Western Pacific,Country,BRN,Brunei Darussalam,Year,2014,true,Sex,Both sexes,SEX_BTSX,Age Group,18+  years,AGEGROUP_YEARS18-PLUS,,,,,,,9.4,,,5.9,,13.7,9.4 [5.9-13.7],,,EN,2017-11-17T08:00:00.000Z
NCD_GLUC_04,Raised fasting blood glucose (>=7.0 mmol/L) (age-standardized estimate),numeric,AMR,Americas,Country,VEN,Venezuela (Bolivarian Republic of),Year,2014,true,Sex,Both sexes,SEX_BTSX,Age Group,18+  years,AGEGROUP_YEARS18-PLUS,,,,,,,9.5,,,6.2,,13.4,9.5 [6.2-13.4],,,EN,2017-11-17T08:00:00.000Z
NCD_GLUC_04,Raised fasting blood glucose (>=7.0 mmol/L) (age-standardized estimate),numeric,AMR,Americas,Country,URY,Uruguay,Year,2014,true,Sex,Both sexes,SEX_BTSX,Age Group,18+  years,AGEGROUP_YEARS18-PLUS,,,,,,,9.5,,,6.2,,13.8,9.5 [6.2-13.8],,,EN,2017-11-17T08:00:00.000Z
NCD_GLUC_04,Raised fasting blood glucose (>=7.0 mmol/L) (age-standardized estimate),numeric,AMR,Americas,Country,GTM,Guatemala,Year,2014,true,Sex,Both sexes,SEX_BTSX,Age Group,18+  years,AGEGROUP_YEARS18-PLUS,,,,,,,9.7,,,6.1,,14.2,9.7 [6.1-14.2],,,EN,2017-11-17T08:00:00.000Z
NCD_GLUC_04,Raised fasting blood glucose (>=7.0 mmol/L) (age-standardized estimate),numeric,AMR,Americas,Country,ARG,Argentina,Year,2014,true,Sex,Both sexes,SEX_BTSX,Age Group,18+  years,AGEGROUP_YEARS18-PLUS,,,,,,,9.7,,,6.2,,13.9,9.7 [6.2-13.9],,,EN,2017-11-17T08:00:00.000Z
NCD_GLUC_04,Raised fasting blood glucose (>=7.0 mmol/L) (age-standardized estimate),numeric,AFR,Africa,Country,SWZ,Eswatini,Year,2014,true,Sex,Both sexes,SEX_BTSX,Age Group,18+  years,AGEGROUP_YEARS18-PLUS,,,,,,,9.7,,,6.2,,14,9.7 [6.2-14.0],,,EN,2017-11-17T08:00:00.000Z
NCD_GLUC_04,Raised fasting blood glucose (>=7.0 mmol/L) (age-standardized estimate),numeric,SEAR,South-East Asia,Country,BGD,Bangladesh,Year,2014,true,Sex,Both sexes,SEX_BTSX,Age Group,18+  years,AGEGROUP_YEARS18-PLUS,,,,,,,9.8,,,6.6,,13.7,9.8 [6.6-13.7],,,EN,2017-11-17T08:00:00.000Z
NCD_GLUC_04,Raised fasting blood glucose (>=7.0 mmol/L) (age-standardized estimate),numeric,EUR,Europe,Country,MCO,Monaco,Year,2014,true,Sex,Both sexes,SEX_BTSX,Age Group,18+  years,AGEGROUP_YEARS18-PLUS,,,,,,,,,,,,,No data,827,,EN,2017-11-17T08:00:00.000Z
NCD_GLUC_04,Raised fasting blood glucose (>=7.0 mmol/L) (age-standardized estimate),numeric,EUR,Europe,Country,SMR,San Marino,Year,2014,true,Sex,Both sexes,SEX_BTSX,Age Group,18+  years,AGEGROUP_YEARS18-PLUS,,,,,,,,,,,,,No data,827,,EN,2017-11-17T08:00:00.000Z
NCD_GLUC_04,Raised fasting blood glucose (>=7.0 mmol/L) (age-standardized estimate),numeric,AFR,Africa,Country,SSD,South Sudan,Year,2014,true,Sex,Both sexes,SEX_BTSX,Age Group,18+  years,AGEGROUP_YEARS18-PLUS,,,,,,,,,,,,,No data,827,,EN,2017-11-17T08:00:00.000Z
NCD_GLUC_04,Raised fasting blood glucose (>=7.0 mmol/L) (age-standardized estimate),numeric,EMR,Eastern Mediterranean,Country,SDN,Sudan,Year,2014,true,Sex,Both sexes,SEX_BTSX,Age Group,18+  years,AGEGROUP_YEARS18-PLUS,,,,,,,,,,,,,No data,827,,EN,2017-11-17T08:00:00.000Z
